address,area
"город москва, 1-й балтийский переулок, дом 3/25",Северный административный округ
"город москва, 1-й басманный переулок, дом 3, строение 1",Центральный административный округ
"город москва, 1-й ботанический проезд, дом 2",Северо-Восточный административный округ
"город москва, 1-й вешняковский проезд, дом 2, строение 1",Юго-Восточный административный округ
"город москва, 1-й голутвинский переулок, дом 6",Центральный административный округ
"город москва, 1-й зачатьевский переулок, дом 4",Центральный административный округ
"город москва, 1-й кирпичный переулок, дом 4, строение 2",Восточный административный округ
"город москва, 1-й кожевнический переулок, дом 6, строение 1",Южный административный округ
"город москва, 1-й кожуховский проезд, дом 17",Южный административный округ
"город москва, 1-й коптельский переулок, дом 2/7, строение 1",Центральный административный округ
"город москва, 1-й котельнический переулок, дом 5, строение 2",Центральный административный округ
"город москва, 1-й краснокурсантский проезд, дом 1/4",Юго-Восточный административный округ
"город москва, 1-й курьяновский проезд, дом 14",Юго-Восточный административный округ
"город москва, 1-й лучевой просек, дом 1",Восточный административный округ
"город москва, 1-й люсиновский переулок, дом 3б",Центральный административный округ
"город москва, 1-й магистральный тупик, дом 10, корпус 1",Северный административный округ
"город москва, 1-й монетчиковский переулок, дом 5, строение 1",Центральный административный округ
"город москва, 1-й николощеповский переулок, дом 6, строение 2",Центральный административный округ
"город москва, 1-й новокузнецкий переулок, дом 5-7",Центральный административный округ
"город москва, 1-й обыденский переулок, дом 9/12",Центральный административный округ
"город москва, 1-й проезд марьиной рощи, дом 3а",Северо-Восточный административный округ
"город москва, 1-й рижский переулок, дом 6, строение 1",Северо-Восточный административный округ
"город москва, 1-й саратовский проезд, дом 5",Юго-Восточный административный округ
"город москва, 1-й сельскохозяйственный проезд, дом 2",Северо-Восточный административный округ
"город москва, 1-й сетуньский проезд, дом 10",Западный административный округ
"город москва, 1-й силикатный проезд, дом 13",Северо-Западный административный округ
"город москва, 1-й спасоналивковский переулок, дом 8, строение 2",Центральный административный округ
"город москва, 1-й тушинский проезд, дом 12",Северо-Западный административный округ
"город москва, 1-я аэропортовская улица, дом 1, строение 3",Северный административный округ
"город москва, 1-я боевская улица, дом 6",Восточный административный округ
"город москва, 1-я гражданская улица, дом 96",Восточный административный округ
"город москва, 1-я карачаровская улица, дом 8, строение 1",Юго-Восточный административный округ
"город москва, 1-я линия хорошёвского серебряного бора, домовладение 10, строение 1",Северо-Западный административный округ
"город москва, 1-я миусская улица, дом 4",Центральный административный округ
"город москва, 1-я напрудная улица, дом 13",Северо-Восточный административный округ
"город москва, 1-я пугачёвская улица, дом 25, строение 1",Восточный административный округ
"город москва, 1-я чоботовская аллея, дом 6-б",Западный административный округ
"город москва, 104-й километр московской кольцевой автодороги, дом 6",Восточный административный округ
"город москва, 11-я парковая улица, дом 50",Восточный административный округ
"город москва, 12-й проезд марьиной рощи, владение 9, строение 2",Северо-Восточный административный округ
"город москва, 14-я парковая улица, дом 4б",Восточный административный округ
"город москва, 17-й проезд марьиной рощи, дом 4",Северо-Восточный административный округ
"город москва, 2-й балтийский переулок, дом 3",Северный административный округ
"город москва, 2-й боткинский проезд, дом 5, корпус 28",Северный административный округ
"город москва, 2-й верхний михайловский проезд, дом 2",Южный административный округ
"город москва, 2-й вышеславцев переулок, дом 17",Северо-Восточный административный округ
"город москва, 2-й иртышский проезд, дом 6, строение 1",Восточный административный округ
"город москва, 2-й кабельный проезд, дом 1",Юго-Восточный административный округ
"город москва, 2-й кадашёвский переулок, дом 16, строение 1",Центральный административный округ
"город москва, 2-й колобовский переулок, дом 12",Центральный административный округ
"город москва, 2-й красносельский переулок, дом 18",Центральный административный округ
"город москва, 2-й курьяновский проезд, дом 2",Юго-Восточный административный округ
"город москва, 2-й лучевой просек, дом 2",Восточный административный округ
"город москва, 2-й магистральный тупик, дом 5а",Северный административный округ
"город москва, 2-й неопалимовский переулок, дом 3",Центральный административный округ
"город москва, 2-й новокузнецкий переулок, дом 13/15, строение 1",Центральный административный округ
"город москва, 2-й новоподмосковный переулок, дом 8",Северный административный округ
"город москва, 2-й обыденский переулок, дом 9",Центральный административный округ
"город москва, 2-й полевой переулок, дом 2",Восточный административный округ
"город москва, 2-й рощинский проезд, дом 8",Южный административный округ
"город москва, 2-й сельскохозяйственный проезд, дом 4, строение 1",Северо-Восточный административный округ
"город москва, 2-й сетуньский проезд, дом 9",Западный административный округ
"город москва, 2-й стрелецкий проезд, дом 7",Северо-Восточный административный округ
"город москва, 2-й хуторской переулок, дом 4/13",Северный административный округ
"город москва, 2-й щемиловский переулок, дом 4",Центральный административный округ
"город москва, 2-я гражданская улица, дом 8",Восточный административный округ
"город москва, 2-я дубровская улица, дом 3",Центральный административный округ
"город москва, 2-я квесисская улица, дом 23",Северный административный округ
"город москва, 2-я напрудная улица, дом 17",Северо-Восточный административный округ
"город москва, 2-я прядильная улица, дом 4",Восточный административный округ
"город москва, 2-я сокольническая улица, дом 3",Восточный административный округ
"город москва, 2-я улица бухвостова, дом 6",Восточный административный округ
"город москва, 2-я улица марьиной рощи, дом 22",Северо-Восточный административный округ
"город москва, 2-я улица энтузиастов, дом 5",Восточный административный округ
"город москва, 2-я филёвская улица, дом 13",Западный административный округ
"город москва, 2-я ямская улица, дом 4",Северо-Восточный административный округ
"город москва, 26-й километр московской кольцевой автодороги, владение 6",Южный административный округ
"город москва, 3-й дорожный проезд, дом 6а",Южный административный округ
"город москва, 3-й кадашёвский переулок, дом 2",Центральный административный округ
"город москва, 3-й кожуховский проезд, дом 3а",Юго-Восточный административный округ
"город москва, 3-й лихачёвский переулок, дом 2а",Северный административный округ
"город москва, 3-й лучевой просек, дом 4а",Восточный административный округ
"город москва, 3-й павловский переулок, дом 2",Южный административный округ
"город москва, 3-й проезд подбельского, дом 22, корпус 3",Восточный административный округ
"город москва, 3-й стрелецкий проезд, дом 3",Северо-Восточный административный округ
"город москва, 3-й угрешский проезд, дом 8, строение 2",Юго-Восточный административный округ
"город москва, 3-я железногорская улица, дом 11а",Юго-Западный административный округ
"город москва, 3-я новоостанкинская улица, дом 6",Северо-Восточный административный округ
"город москва, 3-я песчаная улица, дом 2",Северный административный округ
"город москва, 3-я подрезковская улица, дом 14, строение 2",Северный административный округ
"город москва, 3-я северная линия, дом 3",Северо-Восточный административный округ
"город москва, 3-я черепковская улица, дом 15а, строение 5",Западный административный округ
"город москва, 30-й километр московской кольцевой автодороги, владение 6",Южный административный округ
"город москва, 31-й километр московской кольцевой автодороги, владение 8, строение 1",Южный административный округ
"город москва, 34-й километр московской кольцевой автодороги, владение 6",Южный административный округ
"город москва, 38-й километр московской кольцевой автодороги, владение 6а, строение 1",Юго-Западный административный округ
"город москва, 4-й вешняковский проезд, дом 4, строение 1",Юго-Восточный административный округ
"город москва, 4-й вятский переулок, дом 10",Северный административный округ
"город москва, 4-й кожевнический переулок, дом 4",Южный административный округ
"город москва, 4-й рощинский проезд, дом 11",Южный административный округ
"город москва, 4-я гражданская улица, дом 43, корпус 2",Восточный административный округ
"город москва, 4-я кабельная улица, дом 2а, строение 1",Юго-Восточный административный округ
"город москва, 42-й километр московской кольцевой автодороги, владение 4, строение 1",Юго-Западный административный округ
"город москва, 5-й котельнический переулок, дом 8",Центральный административный округ
"город москва, 5-й монетчиковский переулок, дом 7",Центральный административный округ
"город москва, 5-й проезд марьиной рощи, дом 15а, строение 1",Северо-Восточный административный округ
"город москва, 5-й проезд подбельского, дом 2",Восточный административный округ
"город москва, 5-й рощинский проезд, дом 4",Южный административный округ
"город москва, 56-й километр московской кольцевой автодороги, дом 10",Западный административный округ
"город москва, 6-й лучевой просек, дом 6",Восточный административный округ
"город москва, 6-я кожуховская улица, дом 8",Юго-Восточный административный округ
"город москва, 6-я улица лазенки, дом 2, строение 2",Западный административный округ
"город москва, 6-я улица новые сады, дом 2",Западный административный округ
"город москва, 65-й километр московской кольцевой автодороги, владение 8",Северо-Западный административный округ
"город москва, 65-й километр московской кольцевой автодороги, владение 8",Северо-Западный административный округ
"город москва, 67-й километр московской кольцевой автодороги, дом 7",Северо-Западный административный округ
"город москва, 7-й ростовский переулок, дом 16",Центральный административный округ
"город москва, 7-я северная линия, дом 13",Северо-Восточный административный округ
"город москва, 7-я улица лазенки, дом 12, строение 2",Западный административный округ
"город москва, 78-й километр московской кольцевой автодороги, дом 14, корпус 1",Северный административный округ
"город москва, 8-й проезд марьиной рощи, дом 30, строение 1",Северо-Восточный административный округ
"город москва, 8-я улица соколиной горы, дом 5а",Восточный административный округ
"город москва, 80-й километр московской кольцевой автодороги, дом 4, строение 1",Северный административный округ
"город москва, авиационный переулок, дом 5",Северный административный округ
"город москва, автомобильный проезд, дом 6, строение 2",Юго-Восточный административный округ
"город москва, алымов переулок, дом 15",Восточный административный округ
"город москва, андреево-забелинская улица, дом 28",Восточный административный округ
"город москва, андроньевская площадь, дом 5/9",Центральный административный округ
"город москва, анненская улица, дом 25, строение 1",Северо-Восточный административный округ
"город москва, анненский проезд, дом 1, строение 1",Северо-Восточный административный округ
"город москва, армавирская улица, дом 4",Юго-Восточный административный округ
"город москва, архангельский переулок, дом 7, строение 1",Центральный административный округ
"город москва, астрадамский проезд, дом 5",Северный административный округ
"город москва, ащеулов переулок, дом 9",Центральный административный округ
"город москва, аэрофлотская улица, владение 2б",Западный административный округ
"город москва, бабаевская улица, дом 3",Восточный административный округ
"город москва, базовая улица, дом 2, корпус 1",Западный административный округ
"город москва, балтийская улица, дом 10, корпус 2",Северный административный округ
"город москва, банный проезд, дом 3, строение 1",Центральный административный округ
"город москва, барабанный переулок, дом 3",Восточный административный округ
"город москва, басовская улица, дом 16, строение 1",Юго-Восточный административный округ
"город москва, берниковская набережная, дом 12, строение 1",Центральный административный округ
"город москва, бескудниковский переулок, дом 4а",Северный административный округ
"город москва, бескудниковский проезд, дом 4а",Северный административный округ
"город москва, библиотечная улица, дом 29",Центральный административный округ
"город москва, богоявленский переулок, дом 6, строение 2",Центральный административный округ
"город москва, больничный переулок, дом 4",Центральный административный округ
"город москва, большая бутовская улица, дом 9",Юго-Западный административный округ
"город москва, большая внуковская улица, дом 2а, строение 9",Западный административный округ
"город москва, большая ширяевская улица, дом 11",Восточный административный округ
"город москва, большая юшуньская улица, дом 14",Юго-Западный административный округ
"город москва, большой афанасьевский переулок, дом 3, строение 3",Центральный административный округ
"город москва, большой знаменский переулок, дом 2, строение 26",Центральный административный округ
"город москва, большой казённый переулок, дом 9",Центральный административный округ
"город москва, большой кисельный переулок, дом 17/15, строение 1",Центральный административный округ
"город москва, большой николопесковский переулок, дом 5",Центральный административный округ
"город москва, большой полуярославский переулок, дом 7",Центральный административный округ
"город москва, большой предтеченский переулок, дом 15/8, строение 1",Центральный административный округ
"город москва, большой симоновский переулок, дом 2",Центральный административный округ
"город москва, большой строченовский переулок, дом 7",Центральный административный округ
"город москва, большой трёхсвятительский переулок, дом 4",Центральный административный округ
"город москва, боровая улица, дом 10, корпус 2",Юго-Восточный административный округ
"город москва, боровский проезд, дом 17а",Западный административный округ
"город москва, ботанический переулок, дом 5",Центральный административный округ
"город москва, бродников переулок, дом 10, корпус 2",Центральный административный округ
"город москва, брошевский переулок, дом 21",Центральный административный округ
"город москва, будайская улица, дом 3",Северо-Восточный административный округ
"город москва, будайский проезд, дом 8",Северо-Восточный административный округ
"город москва, бутиковский переулок, дом 7",Центральный административный округ
"город москва, вагоноремонтная улица, дом 15а",Северный административный округ
"город москва, варсонофьевский переулок, дом 6",Центральный административный округ
"город москва, вербная улица, дом 4, строение 1",Восточный административный округ
"город москва, верхний золоторожский переулок, дом 2",Юго-Восточный административный округ
"город москва, верхняя улица, дом 3, корпус 2",Северный административный округ
"город москва, винницкая улица, дом 1",Западный административный округ
"город москва, волоцкой переулок, дом 15, корпус 2",Северо-Западный административный округ
"город москва, воротниковский переулок, дом 11, строение 1",Центральный административный округ
"город москва, врачебный проезд, дом 12",Северо-Западный административный округ
"город москва, выползов переулок, дом 7, строение 2",Центральный административный округ
"город москва, высокая улица, дом 6",Южный административный округ
"город москва, вяземская улица, дом 7",Западный административный округ
"город москва, газгольдерная улица, дом 6",Юго-Восточный административный округ
"город москва, гаражная улица, дом 4",Восточный административный округ
"город москва, гвардейская улица, дом 15, корпус 1",Западный административный округ
"город москва, гжатская улица, дом 6",Западный административный округ
"город москва, гжельский переулок, дом 19, строение 2",Центральный административный округ
"город москва, глазовский переулок, дом 5",Центральный административный округ
"город москва, глебовская улица, дом 10",Восточный административный округ
"город москва, глинистый переулок, дом 7, строение 1",Центральный административный округ
"город москва, глинищевский переулок, дом 3",Центральный административный округ
"город москва, гольяновская улица, дом 7а, строение 1",Центральный административный округ
"город москва, гончарная набережная, дом 9/16, строение 3",Центральный административный округ
"город москва, городская улица, дом 8",Южный административный округ
"город москва, госпитальный переулок, дом 3",Центральный административный округ
"город москва, гранатный переулок, дом 7, строение 1",Центральный административный округ
"город москва, гродненская улица, дом 5",Западный административный округ
"город москва, дегтярный переулок, дом 6, строение 1",Центральный административный округ
"город москва, делегатская улица, дом 7, строение 1",Центральный административный округ
"город москва, денежный переулок, дом 20",Центральный административный округ
"город москва, дивизионная улица, дом 4",Западный административный округ
"город москва, дмитровский переулок, дом 3, строение 4",Центральный административный округ
"город москва, докучаев переулок, дом 6, строение 2",Центральный административный округ
"город москва, егорьевский проезд, дом 2, строение 5",Юго-Восточный административный округ
"город москва, елоховский проезд, дом 1, строение 5",Центральный административный округ
"город москва, есенинский бульвар, дом 14, корпус 2",Юго-Восточный административный округ
"город москва, живарев переулок, дом 8, строение 3",Центральный административный округ
"город москва, жигулёвская улица, дом 5, корпус 3",Юго-Восточный административный округ
"город москва, жуков проезд, дом 8, строение 3",Южный административный округ
"город москва, заводской проезд, дом 25",Восточный административный округ
"город москва, зарайская улица, дом 33, корпус 2",Юго-Восточный административный округ
"город москва, звонарский переулок, дом 5",Центральный административный округ
"город москва, зубарев переулок, дом 15, корпус 1",Северо-Восточный административный округ
"город москва, зюзинская улица, дом 3",Юго-Западный административный округ
"город москва, иваньковское шоссе, дом 5",Северо-Западный административный округ
"город москва, ижорский проезд, дом 17",Северный административный округ
"город москва, изваринская улица, дом 4, корпус 1",Западный административный округ
"город москва, известковый переулок, дом 1",Центральный административный округ
"город москва, измайловская площадь, дом 1а",Восточный административный округ
"город москва, икшинская улица, дом 12",Северный административный округ
"город москва, институтский переулок, дом 2",Северо-Восточный административный округ
"город москва, интернациональная улица, дом 10",Западный административный округ
"город москва, калибровская улица, дом 31, строение 1",Северо-Восточный административный округ
"город москва, калошин переулок, дом 4, строение 1",Центральный административный округ
"город москва, канатчиковский проезд, владение 5",Южный административный округ
"город москва, карельский бульвар, дом 20",Северный административный округ
"город москва, каскадная улица, домовладение 21, строение 1",Восточный административный округ
"город москва, кирпичная улица, дом 18",Восточный административный округ
"город москва, кожевнический проезд, дом 4/5, строение 5",Центральный административный округ
"город москва, козицкий переулок, дом 1а, строение 2",Центральный административный округ
"город москва, композиторская улица, дом 17",Центральный административный округ
"город москва, конаковский проезд, дом 5",Северный административный округ
"город москва, кондрашёвский тупик, дом 3а",Центральный административный округ
"город москва, кооперативная улица, дом 2, корпус 13",Центральный административный округ
"город москва, коптевский бульвар, дом 18а, строение 1",Северный административный округ
"город москва, костомаровская набережная, дом 29, строение 1",Центральный административный округ
"город москва, красногвардейский бульвар, дом 3, строение 1",Центральный административный округ
"город москва, красноказарменный проезд, дом 14а, корпус 19",Юго-Восточный административный округ
"город москва, кремлёвская набережная, дом 1, строение 2",Центральный административный округ
"город москва, кривоарбатский переулок, дом 16/22",Центральный административный округ
"город москва, кузьминская улица, дом 10, строение 2",Юго-Восточный административный округ
"город москва, кулаков переулок, дом 7",Северо-Восточный административный округ
"город москва, кунцевская улица, дом 10",Западный административный округ
"город москва, курганская улица, дом 4а",Восточный административный округ
"город москва, кучин переулок, дом 14, строение 1",Северо-Восточный административный округ
"город москва, ландышевая улица, дом 8",Северо-Западный административный округ
"город москва, лениногорская улица, дом 32, строение 1",Восточный административный округ
"город москва, лефортовский переулок, дом 8, строение 1",Центральный административный округ
"город москва, лечебная улица, дом 20",Восточный административный округ
"город москва, линейный проезд, дом 11",Северный административный округ
"город москва, лонгиновская улица, дом 6",Юго-Восточный административный округ
"город москва, лосевская улица, дом 9",Северо-Восточный административный округ
"город москва, лужнецкий проезд, дом 1",Центральный административный округ
"город москва, лыщиков переулок, дом 5, строение 1",Центральный административный округ
"город москва, магаданская улица, дом 9",Северо-Восточный административный округ
"город москва, мажоров переулок, дом 5",Восточный административный округ
"город москва, малая андроньевская улица, дом 20/8, строение 1-1а",Центральный административный округ
"город москва, малая переяславская улица, дом 6/8",Центральный административный округ
"город москва, малая тульская улица, дом 57",Южный административный округ
"город москва, малый власьевский переулок, дом 12, строение 2",Центральный административный округ
"город москва, малый златоустинский переулок, дом 3, строение 3",Центральный административный округ
"город москва, малый знаменский переулок, дом 7/10, строение 2",Центральный административный округ
"город москва, малый ивановский переулок, дом 4, строение 1",Центральный административный округ
"город москва, малый казённый переулок, дом 3",Центральный административный округ
"город москва, малый каретный переулок, дом 11, строение 2",Центральный административный округ
"город москва, малый конюшковский переулок, дом 2",Центральный административный округ
"город москва, малый коптевский проезд, дом 3",Северный административный округ
"город москва, малый лёвшинский переулок, дом 14/9, строение 1",Центральный административный округ
"город москва, малый николопесковский переулок, дом 9/1, строение 2",Центральный административный округ
"город москва, малый полуярославский переулок, дом 3/5, строение 1",Центральный административный округ
"город москва, малый путинковский переулок, дом 1/2, строение 1",Центральный административный округ
"город москва, малый саввинский переулок, дом 8",Центральный административный округ
"город москва, малый татарский переулок, дом 8, строение 1",Центральный административный округ
"город москва, малый толмачёвский переулок, дом 8/11, строение 3",Центральный административный округ
"город москва, мамоновский переулок, дом 10, строение 1",Центральный административный округ
"город москва, мансуровский переулок, дом 10, строение 2",Центральный административный округ
"город москва, мариупольская улица, дом 3",Юго-Восточный административный округ
"город москва, машкинское шоссе, дом 7",Северо-Западный административный округ
"город москва, международная улица, дом 15",Центральный административный округ
"город москва, мерзляковский переулок, дом 15",Центральный административный округ
"город москва, миллионная улица, дом 5",Восточный административный округ
"город москва, минаевский переулок, дом 2",Северо-Восточный административный округ
"город москва, мирской переулок, дом 5",Северный административный округ
"город москва, миусская площадь, дом 9, строение 8",Центральный административный округ
"город москва, михневский проезд, дом 4, корпус 1",Южный административный округ
"город москва, мишина улица, дом 35",Северный административный округ
"город москва, молодёжная улица, дом 4",Юго-Западный административный округ
"город москва, мрузовский переулок, дом 11, строение 1",Центральный административный округ
"город москва, нагорный бульвар, дом 5, корпус 1",Юго-Западный административный округ
"город москва, напрудный переулок, дом 13",Центральный административный округ
"город москва, нарвская улица, дом 2",Северный административный округ
"город москва, наро-фоминская улица, дом 1",Западный административный округ
"город москва, народный проспект, дом 17, строение 24",Восточный административный округ
"город москва, научный проезд, дом 19",Юго-Западный административный округ
"город москва, нелидовская улица, дом 10, строение 1",Северо-Западный административный округ
"город москва, неманский проезд, дом 1",Северо-Западный административный округ
"город москва, несвижский переулок, дом 3",Центральный административный округ
"город москва, нижний журавлёв переулок, дом 3",Восточный административный округ
"город москва, нижний кисельный переулок, дом 3, строение 1",Центральный административный округ
"город москва, никитский переулок, дом 7, строение 2",Центральный административный округ
"город москва, новобутовский проезд, владение 9, строение 1",Юго-Западный административный округ
"город москва, нововладыкинский проезд, дом 8, строение 5",Северо-Восточный административный округ
"город москва, новолучанская улица, дом 22, строение 1",Западный административный округ
"город москва, новоостаповская улица, дом 12, строение 2",Юго-Восточный административный округ
"город москва, новопресненский переулок, дом 6",Центральный административный округ
"город москва, новорублёвская улица, дом 1",Западный административный округ
"город москва, новосибирская улица, дом 8",Восточный административный округ
"город москва, новохорошёвский проезд, дом 12",Северо-Западный административный округ
"город москва, норильская улица, дом 4",Северо-Восточный административный округ
"город москва, олонецкий проезд, дом 6",Северо-Восточный административный округ
"город москва, оренбургская улица, дом 32, строение 5",Восточный административный округ
"город москва, орехово-зуевский проезд, дом 4",Юго-Восточный административный округ
"город москва, отрадный проезд, дом 2б",Северо-Восточный административный округ
"город москва, парусный проезд, дом 5, строение 1",Северо-Западный административный округ
"город москва, педагогическая улица, дом 3",Южный административный округ
"город москва, пенягинская улица, дом 14",Северо-Западный административный округ
"город москва, переулок васнецова, дом 2",Центральный административный округ
"город москва, переулок красина, дом 16, строение 10",Центральный административный округ
"город москва, переулок маяковского, дом 3",Центральный административный округ
"город москва, переулок расковой, дом 14а",Северный административный округ
"город москва, переулок хользунова, дом 8",Центральный административный округ
"город москва, перовский проезд, дом 35, строение 8",Юго-Восточный административный округ
"город москва, пестовский переулок, дом 3, строение 1",Центральный административный округ
"город москва, песчаная улица, дом 2а, строение 4",Северный административный округ
"город москва, песчаный переулок, дом 6",Северный административный округ
"город москва, петроверигский переулок, дом 4, строение 1",Центральный административный округ
"город москва, петровско-разумовская аллея, дом 10, корпус 3",Северный административный округ
"город москва, печорская улица, дом 18",Северо-Восточный административный округ
"город москва, платовская улица, дом 4",Западный административный округ
"город москва, плетешковский переулок, дом 2",Центральный административный округ
"город москва, площадь журавлёва, дом 2, строение 2",Восточный административный округ
"город москва, подольская улица, дом 15",Юго-Восточный административный округ
"город москва, подсосенский переулок, дом 8, строение 2",Центральный административный округ
"город москва, пожарский переулок, дом 15",Центральный административный округ
"город москва, полтавская улица, дом 3",Северный административный округ
"город москва, попов проезд, дом 2",Восточный административный округ
"город москва, поселение филимонковское, деревня верхнее валуево, дом 21а",Новомосковский административный округ
"город москва, посланников переулок, дом 9, строение 5",Центральный административный округ
"город москва, посёлок акулово, дом 43а, строение 1",Восточный административный округ
"город москва, прибрежный проезд, дом 12",Северный административный округ
"город москва, причальный проезд, дом 7, строение 1",Центральный административный округ
"город москва, проезд добролюбова, дом 3, строение 3",Северо-Восточный административный округ
"город москва, проезд донелайтиса, дом 30",Северо-Западный административный округ
"город москва, проезд досфлота, дом 2, строение 1",Северо-Западный административный округ
"город москва, проезд нансена, владение 3б",Северо-Восточный административный округ
"город москва, проезд черепановых, дом 6, строение 1",Северный административный округ
"город москва, проезд якушкина, дом 7",Северо-Восточный административный округ
"город москва, проектируемый проезд № 1980, дом 4",Западный административный округ
"город москва, производственная улица, дом 1, корпус 1, строение 1",Западный административный округ
"город москва, прокатная улица, дом 7",Восточный административный округ
"город москва, проспект 40 лет октября, дом 7, строение 2",Юго-Восточный административный округ
"город москва, проточный переулок, дом 7",Центральный административный округ
"город москва, прохладная улица, дом 28",Южный административный округ
"город москва, пуговишников переулок, дом 7",Центральный административный округ
"город москва, пулковская улица, дом 6",Северный административный округ
"город москва, пыжёвский переулок, дом 5, строение 1",Центральный административный округ
"город москва, пяловская улица, дом 7, строение 3",Северный административный округ
"город москва, радужная улица, дом 7",Северо-Восточный административный округ
"город москва, рижский проезд, дом 7",Северо-Восточный административный округ
"город москва, родниковая улица, дом 20, корпус 1",Западный административный округ
"город москва, ростокинская улица, дом 3",Северо-Восточный административный округ
"город москва, рубцов переулок, дом 10/14",Центральный административный округ
"город москва, русаковская набережная, дом 7",Восточный административный округ
"город москва, садовая-сухаревская улица, дом 6, строение 1",Центральный административный округ
"город москва, садовнический проезд, дом 6",Центральный административный округ
"город москва, сверчков переулок, дом 8, строение 1",Центральный административный округ
"город москва, северодвинская улица, дом 20",Северо-Восточный административный округ
"город москва, сеченовский переулок, дом 7а",Центральный административный округ
"город москва, сибирский проезд, дом 2, корпус 27, строение 1",Центральный административный округ
"город москва, сивашская улица, дом 2, корпус 1",Юго-Западный административный округ
"город москва, симферопольский проезд, дом 18",Южный административный округ
"город москва, синельниковская улица, дом 47",Юго-Западный административный округ
"город москва, скатертный переулок, дом 13",Центральный административный округ
"город москва, скорняжный переулок, дом 3, строение 1",Центральный административный округ
"город москва, соймоновский проезд, дом 5",Центральный административный округ
"город москва, солнечногорский проезд, дом 7а",Северный административный округ
"город москва, сормовский проезд, дом 11, строение 8",Юго-Восточный административный округ
"город москва, сосновая аллея, дом 1, строение 1",Северо-Западный административный округ
"город москва, софийская набережная, дом 30, строение 1",Центральный административный округ
"город москва, союзный проспект, дом 2",Восточный административный округ
"город москва, спартаковский переулок, дом 2, строение 1",Центральный административный округ
"город москва, спортивный проезд, дом 3а",Юго-Восточный административный округ
"город москва, средний кондратьевский переулок, дом 8а",Центральный административный округ
"город москва, средний овчинниковский переулок, дом 1, строение 13",Центральный административный округ
"город москва, средняя калитниковская улица, дом 22, строение 3",Центральный административный округ
"город москва, сретенский тупик, дом 5",Центральный административный округ
"город москва, стандартная улица, дом 4а",Северо-Восточный административный округ
"город москва, староалексеевская улица, дом 1",Северо-Восточный административный округ
"город москва, старомарьинское шоссе, дом 5",Северо-Восточный административный округ
"город москва, старомонетный переулок, дом 18",Центральный административный округ
"город москва, староникольская улица, дом 14а",Юго-Западный административный округ
"город москва, старослободская улица, дом 8",Восточный административный округ
"город москва, столовый переулок, дом 10/2, строение 1",Центральный административный округ
"город москва, стрелецкая улица, дом 2, строение 1",Северо-Восточный административный округ
"город москва, стрельбищенский переулок, дом 14",Центральный административный округ
"город москва, стройковская улица, дом 5",Центральный административный округ
"город москва, стромынский переулок, дом 4",Восточный административный округ
"город москва, сумская улица, дом 2/12",Южный административный округ
"город москва, таганрогская улица, дом 7",Юго-Восточный административный округ
"город москва, таможенный проезд, дом 4",Юго-Восточный административный округ
"город москва, тарусская улица, дом 10",Юго-Западный административный округ
"город москва, тарханская улица, дом 2",Юго-Восточный административный округ
"город москва, таёжная улица, дом 1",Северо-Восточный административный округ
"город москва, театральная аллея, дом 3, строение 1",Северный административный округ
"город москва, тенистый проезд, дом 8",Северо-Восточный административный округ
"город москва, тессинский переулок, дом 4, строение 2",Центральный административный округ
"город москва, тестовская улица, дом 1",Центральный административный округ
"город москва, тетеринский переулок, дом 2а",Центральный административный округ
"город москва, тимирязевский проезд, дом 2",Северный административный округ
"город москва, тихая улица, дом 30",Юго-Восточный административный округ
"город москва, тихвинский переулок, дом 3",Центральный административный округ
"город москва, тихий тупик, дом 2",Центральный административный округ
"город москва, триумфальная площадь, дом 2, строение 1",Центральный административный округ
"город москва, троилинский переулок, дом 3",Центральный административный округ
"город москва, тургеневская площадь, дом 2",Центральный административный округ
"город москва, улица 9 мая, дом 8",Восточный административный округ
"город москва, улица авиаконструктора микояна, дом 12",Северный административный округ
"город москва, улица айвазовского, владение 7, строение 1",Юго-Западный административный округ
"город москва, улица академика арцимовича, дом 7",Юго-Западный административный округ
"город москва, улица академика комарова, дом 5а",Северо-Восточный административный округ
"город москва, улица академика опарина, дом 4",Юго-Западный административный округ
"город москва, улица академика павлова, дом 25",Западный административный округ
"город москва, улица академика петровского, дом 10",Южный административный округ
"город москва, улица академика понтрягина, дом 17, корпус 1",Юго-Западный административный округ
"город москва, улица академика семёнова, дом 3",Юго-Западный административный округ
"город москва, улица алексея дикого, дом 18а",Восточный административный округ
"город москва, улица анатолия живова, дом 10",Центральный административный округ
"город москва, улица артюхиной, дом 17",Юго-Восточный административный округ
"город москва, улица атарбекова, дом 4а",Восточный административный округ
"город москва, улица благуша, дом 6",Восточный административный округ
"город москва, улица богданова, дом 56б",Западный административный округ
"город москва, улица богородский вал, дом 3, строение 28",Восточный административный округ
"город москва, улица бориса жигулёнкова, дом 15",Восточный административный округ
"город москва, улица брусилова, дом 29, корпус 1",Юго-Западный административный округ
"город москва, улица васильцовский стан, дом 5, корпус 1",Юго-Восточный административный округ
"город москва, улица высоцкого, дом 4",Центральный административный округ
"город москва, улица гамалеи, дом 17, корпус 1",Северо-Западный административный округ
"город москва, улица генерала ермолова, дом 4",Западный административный округ
"город москва, улица гончарова, дом 15б",Северо-Восточный административный округ
"город москва, улица девятая рота, дом 14",Восточный административный округ
"город москва, улица демьяна бедного, дом 4",Северо-Западный административный округ
"город москва, улица достоевского, дом 25, строение 1",Центральный административный округ
"город москва, улица дубки, дом 6",Северный административный округ
"город москва, улица екатерины будановой, дом 18",Западный административный округ
"город москва, улица жебрунова, дом 4",Восточный административный округ
"город москва, улица жуковского, дом 5",Центральный административный округ
"город москва, улица захарьинские дворики, дом 1, корпус 1",Юго-Западный административный округ
"город москва, улица зенитчиков, дом 7",Северо-Западный административный округ
"город москва, улица знаменские садки, дом 1а",Юго-Западный административный округ
"город москва, улица инессы арманд, дом 13",Юго-Западный административный округ
"город москва, улица капотня, дом 34",Юго-Восточный административный округ
"город москва, улица клочкова, дом 10",Западный административный округ
"город москва, улица константинова, дом 11а",Северо-Восточный административный округ
"город москва, улица кошкина, дом 13, корпус 2",Южный административный округ
"город москва, улица красных зорь, дом 61",Западный административный округ
"город москва, улица крутицкий вал, дом 5",Юго-Восточный административный округ
"город москва, улица кубинка, дом 20, корпус 1",Западный административный округ
"город москва, улица кутузова, дом 20",Западный административный округ
"город москва, улица кухмистерова, дом 20, корпус 2",Юго-Восточный административный округ
"город москва, улица лапина, дом 3",Юго-Восточный административный округ
"город москва, улица лефортовский вал, дом 26",Юго-Восточный административный округ
"город москва, улица линии октябрьской железной дороги, дом 2, строение 2",Северный административный округ
"город москва, улица льва яшина, дом 5, корпус 1",Юго-Восточный административный округ
"город москва, улица максимова, дом 18",Северо-Западный административный округ
"город москва, улица малая ордынка, дом 24",Центральный административный округ
"город москва, улица малые каменщики, дом 18",Центральный административный округ
"город москва, улица маршала мерецкова, дом 4",Северо-Западный административный округ
"город москва, улица маршала новикова, дом 13",Северо-Западный административный округ
"город москва, улица медведева, дом 6",Восточный административный округ
"город москва, улица медиков, дом 16",Южный административный округ
"город москва, улица можайский вал, дом 6",Западный административный округ
"город москва, улица недорубова, дом 5",Юго-Восточный административный округ
"город москва, улица немчинова, дом 8",Северный административный округ
"город москва, улица николаева, дом 5",Центральный административный округ
"город москва, улица новая дорога, дом 11, строение 6",Центральный административный округ
"город москва, улица павла андреева, дом 27, строение 2",Южный административный округ
"город москва, улица паперника, дом 9",Юго-Восточный административный округ
"город москва, улица пивченкова, дом 7",Западный административный округ
"город москва, улица подвойского, дом 2",Центральный административный округ
"город москва, улица полины осипенко, дом 10, корпус 1",Северный административный округ
"город москва, улица пржевальского, дом 2",Западный административный округ
"город москва, улица раевского, дом 3",Западный административный округ
"город москва, улица ращупкина, дом 3",Западный административный округ
"город москва, улица ремизова, дом 12",Юго-Западный административный округ
"город москва, улица рогова, дом 5а",Северо-Западный административный округ
"город москва, улица рогожский посёлок, дом 3",Юго-Восточный административный округ
"город москва, улица рокотова, дом 2а",Юго-Западный административный округ
"город москва, улица рословка, дом 8",Северо-Западный административный округ
"город москва, улица ротерта, дом 5",Северо-Восточный административный округ
"город москва, улица рудневой, дом 10",Северо-Восточный административный округ
"город москва, улица савельева, дом 5",Центральный административный округ
"город москва, улица сайкина, дом 2",Южный административный округ
"город москва, улица саляма адиля, дом 9, корпус 3",Северо-Западный административный округ
"город москва, улица советской армии, дом 9",Северо-Восточный административный округ
"город москва, улица старые кузьминки, дом 10",Юго-Восточный административный округ
"город москва, улица степана шутова, дом 8, корпус 3",Юго-Восточный административный округ
"город москва, улица уткина, дом 48",Восточный административный округ
"город москва, улица фадеева, дом 5, строение 1",Центральный административный округ
"город москва, улица фонвизина, дом 17",Северо-Восточный административный округ
"город москва, улица шеногина, дом 2",Северо-Западный административный округ
"город москва, улица шумилова, дом 9",Юго-Восточный административный округ
"город москва, улица шумкина, дом 26а, строение 4",Восточный административный округ
"город москва, улица щорса, дом 5",Западный административный округ
"город москва, уржумская улица, дом 4, строение 14",Северо-Восточный административный округ
"город москва, успенский переулок, дом 3, строение 4",Центральный административный округ
"город москва, утренняя улица, дом 12",Восточный административный округ
"город москва, учинская улица, дом 10",Северный административный округ
"город москва, фармацевтический проезд, дом 1",Северный административный округ
"город москва, федоскинская улица, дом 4",Северо-Восточный административный округ
"город москва, феодосийская улица, дом 11а",Юго-Западный административный округ
"город москва, филипповский переулок, дом 15/5",Центральный административный округ
"город москва, фролов переулок, дом 2",Центральный административный округ
"город москва, фруктовая улица, дом 9",Южный административный округ
"город москва, хавская улица, дом 15",Южный административный округ
"город москва, хвалынский бульвар, дом 4, корпус 4",Юго-Восточный административный округ
"город москва, хилков переулок, дом 3а",Центральный административный округ
"город москва, хитровский переулок, дом 3/1, строение 4",Центральный административный округ
"город москва, хлебный переулок, дом 2/3, строение 3",Центральный административный округ
"город москва, хлыновский тупик, дом 3, строение 1",Центральный административный округ
"город москва, хованская улица, владение 20",Северо-Восточный административный округ
"город москва, хохловский переулок, дом 10, строение 6",Центральный административный округ
"город москва, челюскинская улица, дом 13",Северо-Восточный административный округ
"город москва, чермянская улица, дом 2, строение 2",Северо-Восточный административный округ
"город москва, чермянский проезд, дом 5, строение 26",Северо-Восточный административный округ
"город москва, черниговский переулок, дом 9/13, строение 2",Центральный административный округ
"город москва, черницынский проезд, дом 3, строение 11",Восточный административный округ
"город москва, черноморский бульвар, дом 8",Южный административный округ
"город москва, чукотский проезд, дом 6",Северо-Восточный административный округ
"город москва, чуксин тупик, дом 6",Северный административный округ
"город москва, шепелюгинская улица, дом 21/13, строение 1",Юго-Восточный административный округ
"город москва, шоссе фрезер, дом 32, строение 1",Юго-Восточный административный округ
"город москва, штурвальная улица, дом 7, корпус 2",Северо-Западный административный округ
"город москва, шубинский переулок, дом 2/3",Центральный административный округ
"город москва, щёлковский проезд, дом 13",Восточный административный округ
"город москва, электрический переулок, дом 8, строение 2",Центральный административный округ
"город москва, юрловский проезд, дом 17, строение 1",Северо-Восточный административный округ
"город москва, якиманский переулок, дом 6, строение 1",Центральный административный округ
"город москва, ялтинская улица, дом 2",Южный административный округ
"город москва, янтарный проезд, дом 2",Северо-Восточный административный округ
"город москва, ясногорская улица, дом 2",Юго-Западный административный округ
"город москва, яузский бульвар, дом 14/8",Центральный административный округ
"город москва, яхромская улица, дом 3",Северный административный округ
